,Name,Location,Courses,Contact No.
0,Aarupadai Veedu Institute Of Technology,Also Servicing in Hyderabad,Engineering Colleges,+914446294334
1,Ganpat University,Also Servicing in Hyderabad,Engineering Colleges,
2,Academy of Aviation & Engineering,Also Servicing in Hyderabad,Engineering Colleges,+917306941475
3,Lord's Institute of Engineering & Technology,"Himayat Sagar, Golconda",Engineering Colleges,
4,Nishitha College of Engineering & Technology," Kandukur, Shamshabad",Engineering Colleges,
5,Institute of Aeronautical Engineering,"Dundigal Village, Quthbullapur",Engineering Colleges,
6,Siddhartha Institute of Engineering & Technology,"Ibrahimpatnam, Vanasthalipuram",Engineering Colleges,
7,International School of Engineering," Ilabs Centre, Madhapur",Engineering Colleges,
8,Muffakham Jah College of Engineering And Technology,"Road No. 3, Banjara Hills",Engineering Colleges,
9,Kohinoor Technical Institute Pvt. Ltd.,"No. 3/4/660, Narayanaguda",Engineering Colleges,
10,,,,
11,,,,
12,,,,
13,,,,
14,Eduking,"Babu Jagjivanram Colony, Malkajgiri, Hyderabad","MBBS Colleges, Medical Colleges",
15,MEDICAL INSTITUTE FOR NATUROPATHY ACUPUNCTURE AND,"Kukatpally, Hyderabad - 500072","MBBS Colleges, Medical Colleges",
16,EDWISEINDIA,", Hyderabad - ","MBBS Colleges, Medical Colleges",
17,dissertationand journal services,"hyderabad, Secunderabad","MBBS Colleges, Medical Colleges",
18,Manadesham Educational Services,"Hyderabad, Ameerpet","MBBS Colleges, Medical Colleges",
19,Pharmacology tutions," A- 219 WESTERN PLAZA, Gachibowli","MBBS Colleges, Medical Colleges",
20,IRIS,"Kundanbagh Colony, Begumpet","MBBS Colleges, Medical Colleges",
21,Swayam edu consultants,"Kalyan nagar venture 3, Moti Nagar","MBBS Colleges, Medical Colleges",
22,MNR Educational Colleges & MNR Eudcational Trust,"Bhagyanagar Phase-III, Kukatpally","MBBS Colleges, Medical Colleges",
23,International School of Medicine,"No. 303, Ameerpet","MBBS Colleges, Medical Colleges",
24,Vainavi Educational Institutions," Opp. Moosapet Bus Stop, Moosapet",Hotel Management Degree Colleges,+918048104655
25,Sun Educational Institutions," VST Cross Roads, Ram Nagar",Hotel Management Degree Colleges,+918048092927
26,John Bauer College Of Hotel Management & Catering Technology," Secunderabad, Tarnaka",Hotel Management Degree Colleges,+918048045252
27,Green Fields College of Catering & Hotel Management,"Srinagar Colony, Ameerpet",Hotel Management Degree Colleges,
28,Blooms College of Hotel Management & Catering Technology,"Om Nagar, Langar Houz",Hotel Management Degree Colleges,
29,Institute Of I .T & Manag...,"Masab Tank Road, Ramachandra Puram",Hotel Management Degree Colleges,
30,Institute of Hotel Management Shri Shakti,"Begumpet, Hyderabad - 500016",Hotel Management Degree Colleges,
31,Royal Hotel Management Services,"IAS Colony, Toli Chowki",Hotel Management Degree Colleges,
32,excel college of hotel management,"LB Nagar, Hyderabad - 500068",Hotel Management Degree Colleges,
33,greekwings," bhoiguda X Road, Bhoiguda",Hotel Management Degree Colleges,
34,,,,
35,Vishwa Vishwani School of Business,"Hyderabad., Hakimpet",MBA Colleges,+918043691876
36,Sun Educational Institutions," VST Cross Roads, Ram Nagar, Hyderabad",MBA Colleges,+918048092927
37,Hyderabad school of business,"Gouri Shankar Nagar Colony, Banjara Hills, Hyderabad",MBA Colleges,+918048121219
38,Mba academy," India, Narayanaguda, Hyderabad",MBA Colleges,+919883035813
39,Ganpat University,Also Servicing in Hyderabad,MBA Colleges,
40,Nishitha College of Engineering & Technology," Kandukur, Shamshabad",MBA Colleges,
41,Don Bosco Degree College,"Kalyan Nagar, Erragadda",MBA Colleges,
42,GBS School of Business Studies,"Road No. 3, Banjara Hills, Hyderabad",MBA Colleges,
43,St. Pious X Degree & PG College for Women," Nacharam, Nacharam, Hyderabad",MBA Colleges,
44,RRS College of Engineering & Technology,"Muthangi, Muthangi",MBA Colleges,
45,San Phar,"Commercial Tax Colony, Kothapet",Pharmacy Colleges,
46,Aquila College Of Medical Scribing,"ACMS 2nd Floor Anand chambers Dilsukhnagar , Dilsukh Nagar",Pharmacy Colleges,
47,"mn nm , ,m",", Hyderabad - ",Pharmacy Colleges,
48,Sajidul Islam laskar,"Hitech City, Hyderabad - 788163",Pharmacy Colleges,
49,Sree Dattha Institute of Engineering & Science College,"Nagarjuna Sagar Road, Ibrahimpatnam",Pharmacy Colleges,
50,Sri Indu Institute of Pharmacy,"Sheriguda, Ibrahimpatnam",Pharmacy Colleges,
51,S.N. Vanita Pharmacy Maha Vidyalaya,"Mukarram Shahi Road, Nampally",Pharmacy Colleges,
52,Bojjam Narsimlu Pharmacy College for Women,"Vinay Nagar, Saidabad",Pharmacy Colleges,
53,Gokaraju Rangaraju College of Pharmacy,"Nizampet Road , Miyapur",Pharmacy Colleges,
54,Malla Institute of Pharmaceutical Sciences,"Maisamma Guda, Hakimpet",Pharmacy Colleges,
55,Global Institute,Also Servicing in Hyderabad,Nursing Colleges,+919021113668
56,Devs Medical & Educational Society,"No. 22, Moulali",Nursing Colleges,
57,My Own Career Academy,"Mathrusri Nagar, Miyapur",Nursing Colleges,
58,Sri Venkateswara College of Nursing & Healthcare,"Maruti Nagar, Malkajgiri",Nursing Colleges,
59,Noble School of Nursing,"B.N. Reddy Colony, Vanasthalipuram",Nursing Colleges,
60,Owaisi School of Nursing,"Santosh Nagar , Kanchanbagh",Nursing Colleges,
61,Rajeswari School of Nursing,"Kamala Nagar, Vanasthalipuram",Nursing Colleges,
62,Princess Durru Shehvar College,"Purani Haveli, Puranapool",Nursing Colleges,
63,JJ School of Nursing,"1st Floor, Bowenpally",Nursing Colleges,
64,Gowthami College of Nursing,"Narasimhapuram Colony, Saroor Nagar",Nursing Colleges,
65,,,,
66,Risali Edusense India Pvt. Ltd.,Also Servicing in Hyderabad,Aviation Colleges,+919021116617
67,Aptech Aviation Academy," Sai Towers, Dilsukh Nagar, Hyderabad",Aviation Colleges,+918048043896
68,Skybird Aviation,Also Servicing in Hyderabad,Aviation Colleges,+917569004887
69,Fortune Flyers," Saleem Nagar, Malakpet",Aviation Colleges,+918043692417
70,Kenpro Learning,Also Servicing in Hyderabad,Aviation Colleges,+918048067154
71,Aliens Hub,"Srisailam Highway, Ramnaspura",Aviation Colleges,
72,Aptech Learning Center,"Surya Nagar, Toli Chowki",Aviation Colleges,
73,Airborne Aviation Academy," Nalgonda X Road, Malakpet",Aviation Colleges,
74,Aviation training institute,"Bridge skill development academy 1 st floor skill spectrum building beside TTD Devesthanam himayath nagar, Himayat Nagar",Aviation Colleges,
75,Santhosh,"BK Guda, Balkampet",Aviation Colleges,
76,,,,
77,,,,
